keyword,content,sentiment_score,sentiment,source,date
S&P 500,Home,0.0,neutral,linkedin,2025-04-10
S&P 500,My Network,0.0,neutral,linkedin,2025-04-10
S&P 500,Jobs,0.0,neutral,linkedin,2025-04-10
S&P 500,Messaging,0.0,neutral,linkedin,2025-04-10
S&P 500,Notifications,0.0,neutral,linkedin,2025-04-10
S&P 500,"For surely America was born in one of the blackest pits of all History. black as the pit from pole to pole, a pathetic collection of people with one common goal: Freedom from Tyranny. A battle we would most assuredly loose, a sweet savor that could never be attained by such a poor collection of people, a battle that by all accounts they could never win, a battle that should kill everyone of them, except, for one thing... a singular determination to be free, to die rather than be chained to the captivity of tyrants",-0.05396270396270395,negative,linkedin,2025-04-10
S&P 500,"Let us make our families, our home, our city, our nation, our contry, our World, great again! Let us bring the best of us, the best of our inner hearts, our inner souls, of our parents, grandparents, ours ancestors, our loved ones and make our World more sustainable, equitable, balanced, more humain, more fair, peaceful, loving, caring, thoughtful, meaningfull! How hard, how impossible can that be? To God, to Love, there is no impossible! Love is the key,the solution, to everything, even to death itself! But death is not the end is just a passing through to another level, to another sphere! But who can explain that? You can't, I can't! Only God knows!",0.4307839912280701,positive,linkedin,2025-04-10
S&P 500,"have the smile text me , this needs to move forward, forget about currency , she is angry",-0.1,negative,linkedin,2025-04-10
S&P 500,Bi annual harassment because SAD Kidney and phat play dos,-0.5,negative,linkedin,2025-04-10
S&P 500,"In a time where everybody is screaming, I prefer to whisper the essence of technology, science, innovation and emotions. HSA Cosmetics S.p.A. : the power of uniqueness",0.0,neutral,linkedin,2025-04-10
S&P 500,"she's like my two key verification code two key 

Will Ames fornifi cation bro",0.0,neutral,linkedin,2025-04-10
S&P 500,"Ø§Ù„Ù…ÙØ§Ø±Ù‚Ø© Ø§Ù„Ø°ÙƒÙŠØ© ÙÙŠ Ø§Ù„Ø¹Ø§Ù…ÙŠØ© Ø§Ù„Ù…ØµØ±ÙŠØ©
Ù‡Ù†Ø§Ùƒ ØªØ±ÙƒÙŠØ¨ Ù†Ø­ÙˆÙŠ Ø¨Ø³ÙŠØ·ØŒ Ù„ÙƒÙ†Ù‡ ÙŠØ­Ù…Ù„ Ù…ÙØ§Ø±Ù‚Ø© Ù‚ÙˆÙŠØ© Ø¨ÙŠÙ† Ø§Ù„Ø®ÙˆÙ ÙˆØ§Ù„Ø­ÙŠØ§Ø¡ ÙÙŠ Ø§Ù„Ù…Ø«Ù„ Ø§Ù„Ø´Ø¹Ø¨ÙŠ ""ÙÙ„Ø§Ù† ÙŠØ®Ø§Ù Ù…ÙŠØ®ØªØ´ÙŠØ´""ØŒ Ø­ÙŠØ« Ù†Ø±Ù‰ Ø°ÙƒØ§Ø¡ Ø§Ù„Ø£Ø³Ù„ÙˆØ¨ Ø§Ù„Ø³Ø§Ø®Ø± ÙÙŠ Ø§Ù„ØªØ¹Ø¨ÙŠØ± Ø¹Ù† Ø§Ù„Ù†Ù‚Ø¯ Ø§Ù„Ø§Ø¬ØªÙ…Ø§Ø¹ÙŠ Ø¨Ø³Ù„Ø§Ø³Ø© ÙˆØ®ÙØ© Ø¯Ù… ğŸ˜ƒ
ÙˆÙŠÙØªØ±Ø¶ Ø£Ù† Ù…Ù† ÙŠØ®Ø§Ù Ù…Ù† Ø§Ù„Ø¹ÙˆØ§Ù‚Ø¨ ÙŠØ¬Ø¨ Ø£Ù† ÙŠÙƒÙˆÙ† Ù„Ø¯ÙŠÙ‡ Ø­ÙŠØ§Ø¡ØŒ Ù„ÙƒÙ† ÙÙŠ Ù‡Ø°Ø§ Ø§Ù„Ø³ÙŠØ§Ù‚ØŒ Ø§Ù„Ø´Ø®Øµ ÙŠØ®Ø§Ù Ù…Ù† Ø§Ù„Ø¹Ù‚Ø§Ø¨ ÙÙ‚Ø·ØŒ ÙˆÙ„ÙŠØ³ Ù…Ù† ÙØ¹Ù„ Ø§Ù„Ø®Ø·Ø£ Ù†ÙØ³Ù‡.

ÙˆØ§Ù„Ù…ÙØ§Ø±Ù‚Ø© (Antithesis) Ù‡ÙŠ Ø§Ù„Ø¬Ù…Ø¹ Ø¨ÙŠÙ† Ù…ÙÙ‡ÙˆÙ…ÙŠÙ† Ù…ØªØ¶Ø§Ø¯ÙŠÙ† (Ø§Ù„Ø®ÙˆÙ ÙˆØ§Ù„Ø­ÙŠØ§Ø¡ Ù‡Ù†Ø§) Ù„Ø¥Ø¨Ø±Ø§Ø² Ø§Ù„ØªÙ†Ø§Ù‚Ø¶ Ø¨ÙŠÙ†Ù‡Ù…Ø§.",0.0,neutral,linkedin,2025-04-10
S&P 500,"To halt is easy, to run is tough.

To close eyes is easy, to keep awake is tough.

To seek Condemnation is easy, to seek Salvation is tough.

To bid farewell is easy, to greet is tough.

To be silent is easy, to speak is tough.

To be convict is easy, to vindicate is tough.

To say â€œenough no moreâ€ is easy, to say â€œyes keep goingâ€ is tough.

Darkness is easy, brightness is tough.

Sail through the tide, when the journey is rough,

For I shall touch the shore, before I close my eyes.",0.00027777777777778374,positive,linkedin,2025-04-10
S&P 500,"Everything in its own time. At times I feel so burdened by expectations, my own self-image, sometimes I feel I'm important and sometimes I feel like I mean nothing to anyone. Feels aren't facts but ignore them for too long and you find yourself in different prison.

There is a time for everything,
and a season for every activity under the heavens:

2 a time to be born and a time to die,
a time to plant and a time to uproot,
3 a time to kill and a time to heal,
a time to tear down and a time to build,
4 a time to weep and a time to laugh,
a time to mourn and a time to dance,
5 a time to scatter stones and a time to gather them,
a time to embrace and a time to refrain from embracing,
6 a time to search and a time to give up,
a time to keep and a time to throw away,
7 a time to tear and a time to mend,
a time to be silent and a time to speak,
8 a time to love and a time to hate,
a time for war and a time for peace.


15 Whatever is has already been,
and what will be has been before;I",0.09835858585858585,positive,linkedin,2025-04-10
S&P 500,"SOME
SAY THAT
LIFE
IS
A
BITCH
I
SAY
SHE
MIGHT
B
2
U
ALL
BECAUSE
U
DON'T KNOW HOW
2
FUCK
HER
RIGHT. ğŸ¤”
LMAO ğŸ¤£ğŸ¤£ğŸ¤£
@MIKEMULTI
@MULTICLOTHINGBR",0.16190476190476188,positive,linkedin,2025-04-10
S&P 500,"Ù†Ø§Ù…Ù‡ Ø§ÛŒ Ø¨Ù‡ Ø®ÙˆØ¯Ù…:
Ù…ÛŒØ¯ÙˆÙ†Ù… Ø¨Ø¹Ø¶ÛŒ Ø±ÙˆØ²Ø§ Ø­Ø§Ù„Øª Ø®ÙˆØ¨ Ù†ÛŒØ³Øª..
Ù…ÛŒØ¯ÙˆÙ†Ù… Ø¢Ø±Ø²Ùˆ Ùˆ Ø±ÙˆÛŒØ§ Ù‡Ø§ÛŒ Ø²ÛŒØ§Ø¯ÛŒ Ø¯Ø§Ø±ÛŒ..
Ù…ÛŒØ¯ÙˆÙ†Ù… Ù‡Ø¯ÙØ§Øª Ø¨Ø²Ø±Ú¯Ù†..
Ù…ÛŒØ¯ÙˆÙ†Ù… Ø´Ø¯Ù‡ Ø´Ø¨Ø§ÛŒ Ø²ÛŒØ§Ø¯ÛŒ Ø§Ø² ÙÚ©Ø± Ø®ÙˆØ§Ø¨Øª Ù†Ø¨Ø±Ù‡..
Ù…ÛŒØ¯ÙˆÙ†Ù… Ø¨Ø§ Ø§ÛŒÙ†Ú©Ù‡ Ø®ÛŒÙ„ÛŒ ØºØµÙ‡ Ùˆ Ø¯Ø±Ø¯ Ø¯Ø§Ø±ÛŒ ÙˆÙ„ÛŒ Ù‡Ù†ÙˆØ² Ø³Ø¹ÛŒ Ù…ÛŒÚ©Ù†ÛŒ Ù„Ø¨Ø®Ù†Ø¯ Ø±Ùˆ Ù„Ø¨Ø§Øª Ø¨Ø§Ø´Ù‡..
Ù…ÛŒØ¯ÙˆÙ†Ù… Ø®ÛŒÙ„ÛŒ Ø¬Ø§Ù‡Ø§ Ø¨Ù‡Øª Ø­Ø±ÙØ§ÛŒÛŒ Ø²Ø¯Ù† Ú©Ù‡ Ù†Ø¨Ø§ÛŒØ¯ Ù…ÛŒØ´Ù†ÛŒØ¯ÛŒ..
Ø®ÛŒÙ„ÛŒ Ø¬Ø§Ù‡Ø§ Ø§Ø² Ø¢Ø´Ù†Ø§ Ùˆ ØºØ±ÛŒØ¨Ù‡ Ø¶Ø±Ø¨Ù‡ Ø®ÙˆØ±Ø¯ÛŒ..
Ø®ÛŒÙ„ÛŒ Ø¬Ø§Ù‡Ø§ Ø±Ù‡Ø§Øª Ú©Ø±Ø¯Ù†..
Ø®ÛŒÙ„ÛŒ Ø¬Ø§Ù‡Ø§ ØªÙ†Ù‡Ø§Øª Ú¯Ø°Ø§Ø´ØªÙ†..
ÙˆÙ„ÛŒ ØªÙˆ Ù‡ÛŒÚ†ÙˆÙ‚Øª Ø¹ÙˆØ¶ Ù†Ø´Ø¯ÛŒ!
Ù‡Ù…ÛŒØ´Ù‡ Ø³Ø¹ÛŒ Ú©Ø±Ø¯ÛŒ Ø¨Ø±Ø§ÛŒ Ø®ÙˆØ§Ø³ØªÙ‡ Ù‡Ø§Øª Ø¨Ø¬Ù†Ú¯ÛŒ!
Ø¨Ø±Ø§ÛŒ Ù‡Ø¯ÙØª ØªÙ„Ø§Ø´ Ú©Ù†ÛŒ!
Ù…Ø±Ø³ÛŒ Ú©Ù‡ ØªØ³Ù„ÛŒÙ… Ù†Ø´Ø¯ÛŒ Ù…ÙÙ†.
A letter to myself:
I know you don't feel well some days..
I know you have many hopes and dreams..
I know your goals are big..
I know you've had many sleepless nights thinking about it..
I know that even though you're in a lot of pain and sorrow, you still try to keep a smile on your face..
I know that you've been told things you shouldn't have heard in many places..
You've been hurt in many places by acquaintances and strangers..
You've been abandoned in many places..
You've been left alone in many places..
But you've never changed!
You've always tried to fight for what you want!
You've worked hard for your goal!
Thank you for not giving up on me.",0.32166666666666666,positive,linkedin,2025-04-10
S&P 500,"psychopathic tendencies in the medical military complex

a NUDGE resurfaced re: the son of sam killer

bear with me...

adam is pounding away upstairs and i have nowhere to go

pressure is building....",-0.13333333333333333,negative,linkedin,2025-04-10
S&P 500,"***×¤×•×¡×˜ ×¤×™×¨×’×•×Ÿ***
××ª××•×œ × ×¢×¨×›×” ×‘××§×¡×¤×• ×ª×œ ××‘×™×‘ ×”×•×•×¢×™×“×” ×”×©× ×ª×™×ª ×©×œ ×ª×•×›× ×™×ª ""× ×™×¦× ×™×"" ××‘×™×ª ×¢××•×ª×ª ""×‘× ×ª×™×‘×™ ××•×“×™"" â€“ ""×•×¢×™×“×ª ×“×•×¨ ×”×¢×ª×™×“ ×œ×˜×›× ×•×œ×•×’×™×”"". ×‘××¡×’×¨×ª ×”×•×•×¢×™×“×” ×”×ª×§×™×™× ×”××§×ª×•×Ÿ ×”×’×“×•×œ ×‘×™×©×¨××œ ×‘×”×©×ª×ª×¤×•×ª ×›-1,000 ×‘× ×™ × ×•×¢×¨ ××¦×˜×™×™× ×™× ××”×¢×•×˜×£, ×”× ×’×‘ ×•×”×¦×¤×•×Ÿ, ×”××©×ª×ª×¤×™× ×‘×ª×›× ×™×ª ×”××¦×•×™× ×•×ª ""× ×™×¦× ×™×"". ×‘××”×œ×š ×”××§×ª×•×Ÿ ×¤×™×ª×—×• ×”××©×ª×ª×¤×™× ××™×–××™× ×˜×›× ×•×œ×•×’×™×™× ×—×“×©× ×™×™× ×©× ×•×¢×“×• ×œ×ª×ª ××¢× ×” ×œ×¤×¦×•×¢×™× ×‘×’×•×£ ×•×‘× ×¤×© ×‘×¢×§×‘×•×ª ××œ×—××ª ×—×¨×‘×•×ª ×‘×¨×–×œ.
×”×•×•×¢×™×“×” ×•×”××§×ª×•×Ÿ ×”×ª××§×“×• ×‘×©×™×— ×¢×œ ×¢×ª×™×“ ×”×˜×›× ×•×œ×•×’×™×”, ×”×‘×™× ×” ×”××œ××›×•×ª×™×ª (AI), ×ª×—×•× ×”×”×’× ×” ×•×”×‘×™×˜×—×•×Ÿ, ×•×”×—×©×™×‘×•×ª ×©×œ ×”×›×©×¨×ª ×”×“×•×¨ ×”×¦×¢×™×¨ ××”×¤×¨×™×¤×¨×™×”, ×‘××™×•×—×“ ××”× ×’×‘ ×•×”×’×œ×™×œ, ×¢×‘×•×¨ ×¦×”""×œ ×•×”×ª×¢×©×™×•×ª ×”×‘×™×˜×—×•× ×™×•×ª ×•×”××–×¨×—×™×•×ª. ×”××™×¨×•×¢ ×›×œ×œ ×¤×× ×œ×™× ×¢× ×‘×›×™×¨×™× ×‘×ª×¢×©×™×™×” ×”×‘×™×˜×—×•× ×™×ª ×•×”×”×™×™×˜×§, ×œ×¦×“ ×ª×¦×•×’×•×ª ×—×“×©× ×•×ª ×©×œ ×›-1,000 ×™×–××™× ×¦×¢×™×¨×™× ××”×ª×›× ×™×ª ×”××•×‘×™×œ×™× ×¤×¨×•×™×§×˜×™× ×˜×›× ×•×œ×•×’×™×™× ×‘××¡×’×¨×ª ×”××§×ª×•×Ÿ ×”×©× ×ª×™ ×©×œ ×”×ª×›× ×™×ª.
×”×•×•×¢×™×“×” ××”×•×•×” ××ª ×™×¨×™×™×ª ×”×¤×ª×™×—×” ×œ×ª×•×›× ×™×ª ×”×—×•××© ""× ×™×¦× ×™× 2030"" ×©×”×•×¦×’×” ×‘×•×•×¢×™×“×” â€“ ××™×–× ×œ××•××™ ×©××˜×¨×ª×• ×œ×××© ××ª ×”×¤×•×˜× ×¦×™××œ ×”××“×™×¨ ×©×œ ×‘× ×™ ×•×‘× ×•×ª × ×•×¢×¨ ×•×¦×¢×™×¨×™× ××”× ×’×‘ ×•×”×’×œ×™×œ ×‘×ª×—×•× ×”×—×™× ×•×š ×”×˜×›× ×•×œ×•×’×™, ×›×—×œ×§ ××”×›× ×” ×œ×©×™×¨×•×ª ××©××¢×•×ª×™ ×‘×¦×”""×œ ×•×œ××—×¨ ××›×Ÿ ×”×©×ª×œ×‘×•×ª ×‘×ª×¢×©×™×™×ª ×”×”×™×™×˜×§. ×‘××¡×’×¨×ª ×ª×›× ×™×ª ""× ×™×¦× ×™× 2030""- ×©×™×œ×•×© ××¡×¤×¨ ×”×ª×œ××™×“×™× ×‘×ª×›× ×™×ª, ×•×”×¨×—×‘×ª ×”×ª×›× ×™× ×”× ×œ××“×™× ×¢""×™ ×”×ª×œ××™×“×™× ×‘××¡×’×¨×ª ×”×ª××—×•×™×•×ª ×™×™×¢×•×“×™×•×ª ×œ×¢×•×œ××•×ª ×”- Machine Learning, ×”×¡×™×™×‘×¨, ×”×™×–××•×ª, ×•×”-Deep Tech.
××“×•×‘×¨ ×‘××™×¨×•×¢ ×©×™×, ×”××©×ª×ª×¤×™×(× ×•×¢×¨ × ×™×¦× ×™×) ×™×•×‘×™×œ×• ××ª ×”×—×–×™×ª ×”×˜×›× ×•×œ×•×’×™×ª ×‘××“×™× ×ª ×™×©×¨××œ ×‘×©× ×™× ×”×§×¨×•×‘×•×ª, ×× ×™ × ×¤×¢× ××”×¢×•×¦××” ×•×”×¢×©×™×™×” ×”××˜×•×¨×¤×ª ×©×œ ×¢××•×ª×ª ""×‘× ×ª×™×‘×™ ××•×“×™"" ×”×—×‘×¨×” ×”×™×©×¨××œ×™×ª ×–×›×ª×” ×‘×× ×©×™× ×™×§×¨×™× ×©×¢×•×¡×§×™× ×™×•× ×‘×™×•××• ×‘×”×›×©×¨×ª ×“×•×¨ ×”×¢×ª×™×“ ×œ××¦×•×™×™× ×•×ª ×•×¢×¨×›×™×ğŸ¦¾ğŸ™ğŸ‘¨ğŸ½â€ğŸ’»ğŸ‘©â€ğŸ’»ğŸ‘¨â€ğŸ’»×’××” ×©××¨××œ ×‘× ×™ ×‘×›×•×¨×™ ×œ×§×— ×—×œ×§ ×‘×”××§×ª×•×Ÿ ×•×”×™× ×• ×—×œ×§ ×××©×¤×—×ª ""× ×™×¦× ×™×""â¤ï¸
,,,,",0.0,neutral,linkedin,2025-04-10
S&P 500,"Just a laugh : he , he , he , haw.

A crab at sea, getting the sun and reflections of the day: the pesky humans have gone, peace at last!",0.15,positive,linkedin,2025-04-10
S&P 500,"where is our information and weather is human being controlled
you have no privacy every move you make is human being watched
is it under once they are in power they will push people like me out and down and out and never tell the real astoria and there are so many behind ready to step into place human disgrancelands
liars bullies let other people do their dirty work and they remain protected
stand up to the machine you will get b--lack and b--locked out house never work again
all your stocks will not go up up and away
stab you in the back lie to your face make fun of you
look ma no teeth
no real friends
everyone will turn agains you
so many horrible movies that you see you are the big butt of the joke
try to help and you are an octagoner won't be seeing you next fall a make it look like an accidental
look no teeth hunting towns and states and nations
when it is slaughter rhymes with daughters house
they party eat big me-at while others have nothin
destroy records
control the astoria
# NationalSiblingsDay horrible in laws and cousins years
# DebtAwarenessWeek
nobody cares days nobody helps days nobody stops their evil days
where is defamation day
years of false accusations
is it under they were never my friends
or traitors or spies or
U$e
or is it take it out on the innocent creatures people and natural resources.
ADD attention deficit disorder
or Alcoholics Anonymous treat and tom williams
or insurance Calvin dekleined tuthill bystanders mob on
or alzheimer's wow I can't believe I can spell MAGA that
or fraud or whistleblower's not ann-o-ny-mous
every attempt to escape will fail move and only evil follows you lie to your face
the theft by death mafia no silver lining no kicking the cancer and the make it look like an accidental stroke of bad luck...choke that chicken ranch cabin dres-sin-g",-0.17935185185185185,negative,linkedin,2025-04-10
NASDAQ,Home,0.0,neutral,linkedin,2025-04-10
NASDAQ,My Network,0.0,neutral,linkedin,2025-04-10
NASDAQ,Jobs,0.0,neutral,linkedin,2025-04-10
NASDAQ,Messaging,0.0,neutral,linkedin,2025-04-10
NASDAQ,Notifications,0.0,neutral,linkedin,2025-04-10
NASDAQ,"Damn. The stock market is in chaos.

(This is what you should do.)

The â€œLiberation Dayâ€ tariffs have thrown global markets into disarray.

The S&P 500 is down more than 17% since December.

The Nasdaq dropped nearly 6% in a single day.

Fintech giants like Klarna and Chime are delaying IPOs.

VC firms are holding their breath.

At, we see volatility differently.

Itâ€™s not a red flagâ€”itâ€™s an opportunity.

This is when savvy investors get their edge.

And you know who is the most intelligent investor?

AI.

AI doesnâ€™t get emotional.

It doesnâ€™t follow headlines.

It processes real-time data, reveals patterns, and helps investors see clearly when others are reacting blindly.

Market chaos isnâ€™t new.

But, thankfully, now we have better tools.

Excited about what we are going to reveal soon.",0.16802919302919303,positive,linkedin,2025-04-10
NASDAQ,ğŸš€ Nasdaqâ€™s Biggest Rally in 24 Years: What the Tariff Pause Means for Global Markets,0.0,neutral,linkedin,2025-04-10
NASDAQ,"First week of my equity research internship:

Senior during the introduction â€“
""What a day to join! NIFTY just fell 3%!"" ğŸ“‰
Me, thinking Iâ€™ve timed the market wrong before even starting.

Fast forward a few days... NASDAQ jumps 12% in a single day. ğŸ“ˆ

Every day feels like a new chapter in a finance thriller.

One week in, and Iâ€™ve already learned this â€“
Markets are wild. And so is this internship season.

Excited (and slightly nervous) for whatâ€™s to come! ğŸ˜„",0.02222267316017316,positive,linkedin,2025-04-10
NASDAQ,"ğŸš¨So itâ€™s all about China now.
(where the most optimistic will also consider that escalation is decelerating)
Good news overall obviously - Nasdaq up 8%â€¦",0.3,positive,linkedin,2025-04-10
NASDAQ,"ğŸš¨ Startups, VCs, and the Tariff Tension: What Now? ğŸš¨

President Trumpâ€™s newly reimposed tariffs are shaking markets, prompting a deeper question: What does this mean for startups and venture capital?

ğŸ“‰ The Bad News:

Nasdaq is rattled â€” with tech giants likeanddropping double digits.

andpostponed IPOs due to valuation pressure and uncertainty.

VCs are jittery.'warned of a funding slowdown: â€œNo exits = no returns = no new funds.â€

ğŸ“ˆ The (Possible) Silver Lining:

Some sectors â€” like
â€” are seeing more investor attention.is reportedly raising a $20B megafund focused on U.S. growth-stage AI.

Multinational giants like,, andhave committed to pouring hundreds of billions of dollars into U.S.-based fabs and advanced manufacturing, potentially creating downstream opportunities for startups in
,
,
, and
.

Tariff-induced instability might spur innovation, local
, and startup diversification â€” long-term positives for resilient founders.

ğŸ’¬ But hereâ€™s the real question: Are these tariffs a bargaining chip? Will we see them lifted or selectively reduced as leverage in future negotiations â€” especially with key allies and trade partners? Could this be temporary noise, or the start of a prolonged recalibration of the global startup landscape?",0.0019176136363636513,positive,linkedin,2025-04-10
NASDAQ,The New Tariffs Policy Dilemma,0.13636363636363635,positive,linkedin,2025-04-10
NASDAQ,"If you are concerned about Investment, Finance and Insurance , Read this Article to know whether your investment is safe or not?",0.5,positive,linkedin,2025-04-10
NASDAQ,"WE ARE OFFICIALLY IN A BEAR MARKET! 

ğŸ”»Nifty & Sensex have fallen nearly 5%. 

ğŸ”»Nasdaq is down 20%

ğŸ”»Japanâ€™s Nikkei down by 7%

Major Triggers:

ğŸ”»Inflation fears in the US due to increased import costs from groceries to automobiles.

ğŸ”» The Global Trade War has started because China has announced counter-tariffs against the US.

ğŸ”»Global investors are shifting money from equity to debt.

What should be your approach as an Indian Investor?

âœ… Consumption Sector is going to rebound due to strong domestic demand.

âœ… Banking Sector will rebound due to robust RBI measures.

âœ… Fundamentally strong stocks are currently at a huge discountâ€”presenting a buying opportunity.

âœ… If you have an investment horizon of 3-5 yrs, this could be the perfect time to enter.

âœ… If you are a new investor, this is the time to buy your first stocks or equity mutual fund.

How do you see Market Corrections? As an opportunity or Loss?",0.14196127946127948,positive,linkedin,2025-04-10
NASDAQ,"ğŸ© He may not have danced this time (though a jig would have been most fitting), but while $6 trillion vanished from the US stock market, Donald Trump was calmly playing golf, as if the world wasnâ€™t spiraling into a global economic crisis.

Congratulations, sirâ€”you've done it again. The man who, with his tariff tantrums and reckless trade wars, has triggered a global financial crisis.

ğŸ”» Nikkei: -6.3%
ğŸ”» Hang Seng: -10.7%
ğŸ”» KOSPI: -4.7%
ğŸ”» S&P500 Futures: -3.2%
ğŸ”» Nasdaq Futures: -3.9%
ğŸ”» WTI Oil: -2.4%
ğŸ”» Bitcoin below $78k
ğŸ”» JPMorgan: â€œRecession incomingâ€

The US stock market lost $6 trillion, but thatâ€™s just the beginning. Over the weekend, millions of people across the country took to the streets, protesting in the Hands Off movement, demanding accountability and an end to the economic disaster wrought by the trade wars.

While pensions shrank from 401k to 201k and markets collapsed, Trump calmly continued his round of golf, blissfully unaware of the mayhem. His decisions didnâ€™t just rattle America; they sent shockwaves across the globe, throwing markets into freefall and plunging millions into financial turmoil.

Well done, Donald. You've succeeded in sending the world economy into a tailspin, and now even the streets are ringing with the cries for change.",0.15,positive,linkedin,2025-04-10
NASDAQ,"â€¼ï¸ The New York Stock Exchange fell 3.51% in just 2 minutes after the open

S&P 500: -3.5% 
NASDAQ: -4.16%
DIJA: -3.52%
Apple -6%
Nvidia -7%
Tesla -7.92%

The value map of all companies on the exchange has completely stopped displaying real-time data.

â€¼ï¸ MY OPINION - If you think I am gloating about what is happening, you are mistaken.

There is a war in
, it is very difficult for us to fight with the enemy, which surpasses us in all economic and quantitative indicators by dozens of times.

All the world financial turmoil is clearly reflected on our economy, which makes the fight against the occupier even more difficult.

If
can pump oil and sell it on the black market, covering losses - Ukraine cannot. We have a very difficult trade and logistical situation due to shelling and partial loss of the sea. We are becoming even weaker.

That's why I'm just appalled at Trump's stupid actions and even angrier at the tolerance of Americans! ğŸ¤¬ğŸ¤¬ğŸ¤¬",-0.1565814393939394,negative,linkedin,2025-04-10
NASDAQ,"Extremely proud and honored to be part of the Leadership Team at SANUWAVE as we mark a major milestone â€” our uplisting to Nasdaq!

On Friday, we had the privilege of ringing the Closing Bell at Nasdaq, celebrating the incredible progress weâ€™ve made as a company.

But this is just the beginning. We remain focused and committed to making UltraMISTÂ® the standard of care in chronic wound therapy.",0.44453125000000004,positive,linkedin,2025-04-10
NASDAQ,"ğŸ“‰ ğ†ğ¥ğ¨ğ›ğšğ¥ ğŒğšğ«ğ¤ğğ­ ğ‚ğšğ«ğ§ğšğ ğ: $ğŸ” ğ“ğ«ğ¢ğ¥ğ¥ğ¢ğ¨ğ§ ğ–ğ¢ğ©ğğ ğğ®ğ­ â€“ ğˆğ§ğğ¢ğš ğ…ğğğ¥ğ¬ ğ­ğ¡ğ ğ’ğ¡ğ¨ğœğ¤ğ°ğšğ¯ğğ¬

In the past few days, global financial markets have experienced one of the most brutal sell-offs in recent history â€” erasing over $6 trillion in market value.

ğŸ”» U.S. Market Meltdown:

Dow Jones futures dropped by 1,300+ points (-3.5%)
Nasdaq 100 has officially entered bear market territory
S&P 500 is down nearly 4%, teetering on the edge of a broader downturn

ğŸ”» Asia Hit Hard Too:
Japanâ€™s Nikkei 225 down 6%
Hong Kongâ€™s Hang Seng drops 8.6%
Chinaâ€™s Shanghai Composite falls 4%

ğŸ‡®ğŸ‡³ Indiaâ€™s Market Slump:
Nifty 50 has posted 5 consecutive monthly losses, its worst streak since 1996
Investor wealth has plunged by $1 trillion since Sept 2024

Retail investors are facing the brunt, especially in mid-cap and small-cap segments which are deep in bear territory

ğŸ‘‰ While global tensions, including newly proposed U.S. tariffs, are fueling fears of a recession, the Indian market is battling its own set of challenges â€” from election uncertainty to liquidity tightening.

ğŸ’¡ Whatâ€™s Next? In times like these, it's crucial for investors and businesses alike to:
âœ” Re-evaluate risk exposure
âœ” Stay informed and calm
âœ” Focus on long-term fundamentals

ğŸ“Š The storm may not be over, but history reminds us: volatility often brings opportunity.",-0.0234006734006734,negative,linkedin,2025-04-10
NASDAQ,"NASDAQ Soars 1.22% While Dow Dips: The Tale of Two Markets Unfolds

Tech giants flex their muscles: Nvidia jumps 6.4% and Tesla rockets 7.6% higher, while traditional sectors struggle. Intel's after-hours surge signals continued tech momentum.

Market divergence creates opportunity: Tech-heavy NASDAQ outperforms as value stocks show weakness. Smart money flowing into AI and semiconductor plays while traditional sectors lag.

Strategic Move: Position for post-Fed volatility by balancing tech exposure with defensive plays. Data shows institutional investors heavily accumulating select tech leaders.

What's your view on this market split? Are you team NASDAQ or team Dow? Share your thoughts below.

Visit our website for the complete market analysis.",0.06071428571428572,positive,linkedin,2025-04-10
Apple stock,Home,0.0,neutral,linkedin,2025-04-10
Apple stock,My Network,0.0,neutral,linkedin,2025-04-10
Apple stock,Jobs,0.0,neutral,linkedin,2025-04-10
Apple stock,Messaging,0.0,neutral,linkedin,2025-04-10
Apple stock,Notifications,0.0,neutral,linkedin,2025-04-10
Apple stock,"Trump just shook the global markets.
(And this might be the spark that sets off something bigger.)

Heâ€™s introduced sweeping tariffsâ€”even on traditional allies. Even polar bears and penguins arenâ€™t safe.

Appleâ€™s stock dropped 10% on the news. But thatâ€™s just the tip of the iceberg.

Hereâ€™s what this actually means:
1) Appleâ€™s global supply chain is under pressure
With key components sourced abroad, tariffs could send production costs soaring. U.S. prices rise. Global market share shrinks. Everyone feels it.

2) Even if tariffs are reversedâ€”damage is done
Allies wonâ€™t just â€œmove on.â€ Theyâ€™ll adapt. Theyâ€™ll decouple. Because depending on an unpredictable partner is no longer an option.

3) Recession risk just hit 50%
Thatâ€™s the current estimate for the U.S. economy. When the worldâ€™s largest market slows down, the ripple effects go global.

I asked a friend who exports from Vietnam to the U.S. what he thinks.

He said, ""Honestly, I donâ€™t know. Weâ€™re just waiting for some visibility.""

That sums up the mood: uncertainty.

With the market crashing, there may be buying opportunitiesâ€” Just like we saw during COVID-19.

But donâ€™t mistake falling prices for easy wins.

Nobody knows where the bottom is.

And nobody wants to catch a falling knife.
ğŸ‘‡ Whatâ€™s your moveâ€”buy, hold, or wait it out?
â™»ï¸ Repost to help your network make sense of the moment.

*
I'm Ray Lim, MBA.

I drive business success in complex markets with data and AI. With a strategic mindset and a proven track record, I excel in leveraging data-driven insights for business growth.

Other post I made
is MBA worth it?


ChatGpt as a skill equalizer


Overcoming beliefs


Celebrating my father",0.08584656084656085,positive,linkedin,2025-04-10
Apple stock,"Apple lost more than $250 billion in market value Thursday, with shares down as much as 8.5% as a result of President Donald Trumpâ€™s tariff spree. 

Apple took one of the biggest hits on Wall Street, where tech stocks dropped as investors shifted money away from volatile assets. Tesla, Nvidia, and Meta were down 6%, and Amazon shares fell by 7.2%.

Read more from Rebecca Bellan here:",0.17777777777777778,positive,linkedin,2025-04-10
Apple stock,"Apple in recent years developed new supply chains to diversify its manufacturing from China. It seemed like a solid strategy until President Donald Trumpâ€™s â€œreciprocal tariffsâ€ on Wednesday.

Full details:",0.11727272727272726,positive,linkedin,2025-04-10
Apple stock,"Trump tariffs threaten Apple's supply chain, stock suffers steepest drâ€¦",-0.6,negative,linkedin,2025-04-10
Apple stock,"Apple or Samsung?

Trump just decided for you.

Trump's new tariff bomb just dropped on the tech industry: 54% on China, 46% on Vietnam, and 26% on India.

The $799 iPhone could soon cost you a staggering $1,142 in the US.

And Samsung just scored its biggest competitive advantage in years.

While Apple scrambles with Chinese tariffs, Samsung benefits from just a 10% tariff on South Korean imports.

Apple now faces an impossible choice:
â†³ Absorb these costs and watch profits vanish
â†³ Pass them to consumers and risk losing market share
â†³ Rush production to other countries (which takes years)

The premium iPhone 16 Pro Max could hit nearly $2,300 â€“ making Samsung's flagship models suddenly look like bargains.

Apple's shares already plunged 9.3% yesterday â€“ their worst drop since March 2020.

Wall Street analysts see a potential $40B blow to the American tech giant.

The smartphone war just entered a new era.

What's your move: Stay loyal to Apple regardless of price or switch to Samsung?

- filtered stock market insights daily - WhatsApp link in bio",-0.08350815850815851,negative,linkedin,2025-04-10
Apple stock,"A dramatic shift has taken place at the top of the tech world. After a sharp slide in its stock value, Apple is no longer the worldâ€™s most valuable company â€” a title itâ€™s now lost to Microsoft. A turbulent four-day market downturn pushed Appleâ€™s valuation down to $2.59 trillion, while Microsoft edged ahead at $2.64 trillion, according to a recent report.
.
.
To know more about it read the full article here:",0.14201388888888888,positive,linkedin,2025-04-10
Apple stock,"Apple stock fell on Tuesday, reversing earlier gains after the Trump administration confirmed the US will institute a levy of 104% on goods imported from China, effective Wednesday.



(Credit: Yahoo Finance)",0.3333333333333333,positive,linkedin,2025-04-10
Apple stock,"I dont subscribe to any financial publications. I dropped The Economist and Financial Times in the last 15 years. The Forbes, Fortune and Business week stuff I abandoned at the turn of the centrury. I watch none of the finance media. No CNN, no CNBC, no Bloomberg.

I just outgrew them.

You still get the odd good writer in these mastheads butâ€¦â€¦.

I have moved UP to the niche financial newsletter boys. All with subs.obviously., and this guy below.
of the High tech Strategist.

These people are just on a different level.

Fred here on

â€œThat compares to the steep declines in the major indexes mentioned earlier. They were all led lower by a 9.25%, 21-point plunge in Apple â€“ the highest valued stock in the world (and my largest put option position). Even with todayâ€™s sharp decline, Appleâ€™s P/E ratio is still over 32 times its relatively stagnant earnings. During the 2010-2019 decade, Appleâ€™s revenue growth rate was 17.9%, yet its
average P/E ratio during that period was 16.2. Cut Appleâ€™s stock in half from here, (Apple would be trading around $100)
and the stock would be valued as if it was still a relatively high growth company â€“ which it is not (revenue growth is closer to
zero). Worse yet, no tech company is more exposed to margin pressures from the new tariffs than Apple. The vast majority of iPhones are assembled in China (54% tariff). Apple manufactures virtually nothing in the U.S. (0% tariffs). â€œ

So many people screaming about a correction in the markets last week. I have some very bad news for you. The Everything Bubble has a lot of air to let out. This is nothing yet. For
, for everything really.

Iâ€™d be subscribing to the smart boys and girls like Fred. If necessary, drop other stuff. You are really just â€œtrading-upâ€ in quality.

. Parts 2 and 3.

This post is a natural companion for GOG out today.

â€œ DAZN has lost â€˜between â‚¬200 and â‚¬250 millionâ€™ in first year of Ligue 1 broadcast deal according to a report by Lâ€™Ã‰quipe. DAZN is just one year into a five-year broadcast agreement with LFP.

Since the Ligue 1 season kicked off, DAZN has only gained 500,000 subscribers, according to the companyâ€™s lawyer, meaning it has generated â‚¬120 million from them. If these figures are accurate, this means the network has lost â‚¬240 million this year, after paying a total â‚¬360 million for the leagueâ€™s rights.

In February, DAZN initiated legal action against the LFP, demanding â‚¬573 million in compensation over alleged â€˜breachesâ€™ and â€˜market dishonestyâ€™. The company would later drop this case, with a mediator brought in by the Paris Commercial Court to help resolve its dispute with LFP.

Despite this, RMC Sport reported earlier this month that DAZN is looking to terminate its Ligue 1 deal at the end of the 2024/25 season.â€

rights are worth Â£100m tops. They were asking 10 times that. What tf has this sports industry been on? Groupthink ğŸ¤¬ğŸ¤¬

Not investment advice.",0.05230297480297481,positive,linkedin,2025-04-10
Apple stock,"Apple and other technology stocks with significant exposure to China manufacturing are facing considerable risks. These risks stem from the ongoing COVID-19 pandemic and the rising tensions between China and the United States. A recent report by Goldman Sachs highlights these concerns, particularly focusing on Apple, which has the highest revenue exposure to China among [â€¦]",0.10333333333333332,positive,linkedin,2025-04-10
Apple stock,"Apple is making headlines as iPhone sales surge amid Trumpâ€™s tariff threat on Chinese imports. Fearing price hikes from tariff increases - since most iPhones are made in China.

FYI: You can find Apple stock in your USD account. ğŸ‡ºğŸ‡¸

|",0.25,positive,linkedin,2025-04-10
Apple stock,Apple Stock Surges % Amid US Tariff Pause: What It Means for the Tech Giantâ€™s Future,0.0,neutral,linkedin,2025-04-10
Apple stock,"Apple's stock faces a fourth consecutive day of decline amid escalating U.S.-China trade tensions and market volatility. Investors are closely monitoring the situation. 
hashtag
#AppleStock 
hashtag
#TradeTensions 
hashtag
#MarketVolatility",0.0,neutral,linkedin,2025-04-10
Apple stock,Apple loses $250B market value as tariffs tank tech stocks https://tcrn.ch/43xB4HE,-0.3,negative,linkedin,2025-04-10
Apple stock,"Apple shares experienced a notable surge of 3% after enduring its worst losing streak since 2000. This rebound comes after the companyâ€™s stock fell for seven consecutive days, marking its longest losing streak in over two decades. Following this bounce-back, Apple shares closed at $174.24, signaling a positive shift in investor sentiment. The recovery of [â€¦]",0.07121212121212121,positive,linkedin,2025-04-10
Apple stock,"Apple Stock Jumps on Tariff News, Hope for Exemption:",0.0,neutral,linkedin,2025-04-10
Apple stock,"Warren Buffett watching the stock market collapse while holding $300 Billion in T-Bills. 

Months ago everyone was wondering why he was selling Apple, I guess the mystery is solved now ğŸ˜.

Donâ€™t open your portfolio if youâ€™re afraid of red âŒâŒâŒâŒâŒ",-0.19999999999999998,negative,linkedin,2025-04-10
AAPL,Home,0.0,neutral,linkedin,2025-04-10
AAPL,My Network,0.0,neutral,linkedin,2025-04-10
AAPL,Jobs,0.0,neutral,linkedin,2025-04-10
AAPL,Messaging,0.0,neutral,linkedin,2025-04-10
AAPL,Notifications,0.0,neutral,linkedin,2025-04-10
AAPL,"ğŸš€ Apple Stock Analysis Dashboard â€“ A Deep Dive into AAPL! ğŸ“Š
Excited to share a Power BI dashboard I built to analyze Apple's stock (AAPL) from multiple perspectivesâ€”combining historical trends, technical indicators, market comparisons, and forecasting into a single, interactive tool.
ğŸ” Key Insights & Features:
âœ… Historical Price Trends â€“ Analyzing AAPLâ€™s price movements over time.
âœ… Technical Indicators â€“ Moving averages, RSI, and MACD for pattern recognition.
âœ… Market Comparison â€“ Benchmarking against the S&P 500 and tech giants.
âœ… Fundamental Analysis â€“ Key financial ratios and revenue breakdown.
âœ… Sentiment Analysis â€“ Evaluating investor sentiment from alternative data.
âœ… Forecasting Model â€“ Predicting potential price movements.
ğŸ“ˆ Why This Matters:
This dashboard provides actionable insights for investors, traders, and analysts to make data-driven decisions. Instead of sifting through raw data, this tool enables a clear and dynamic understanding of Appleâ€™s stock performance.
ğŸ’¡ Built using Power BI, Python, and financial modeling techniquesâ€”this project reinforced my skills in data visualization, time series analysis, and storytelling with data.
Would love to hear your thoughts! What other metrics would you analyze in a stock dashboard? ğŸ‘‡",0.037377899877899884,positive,linkedin,2025-04-10
AAPL,"Apple ($AAPL) is spending $1B on Nvidia ($NVDA) GB300 NVL72 AI serversâ€”about 250 units at ~$4M each, per Loop Capital. Partnering with Dell ($DELL) & Super Micro ($SMCI), $AAPL is officially diving into Gen AI with a massive LLM cluster.",0.16666666666666666,positive,linkedin,2025-04-10
AAPL,"ğŸš€ Introducing Prometheus: My Open-Source Financial Dashboard ğŸš€

I've just launched Prometheus, an open-source, AI-powered financial analysis dashboard inspired by professional tools like Bloomberg terminalsâ€”but accessible to everyone.

âœ¨ Prometheus offers:
- AI-driven analysis through natural language queries
- Specialized AI modules for varied analysis (stocks, competition, sentiment)
- Real-time market data integration
- Interactive and intuitive terminal interface

Built using the incredibleframework, Prometheus aims to simplify complex financial analysis tasks, empowering users to make informed decisions quickly and easily.

ğŸ’¡ Try it yourself:
""Analyze AAPL and suggest investment insights""
""How does MSFT stand against competitors?""
""What's the current sentiment on TSLA?""

ğŸ“Š Prometheus is fully open-source, and I welcome your feedback, contributions, or suggestions. Explore it on GitHub:



Output examples in the comments!

Let me know what you think or tag someone who might benefit!",0.17847222222222223,positive,linkedin,2025-04-10
AAPL,"One of the most famous stock market success stories is that of Apple Inc. (AAPL). If you had invested just $1,000 in Apple stock during its IPO in 1980, your investment would be worth over $500,000 today, thanks to continuous innovation and product success. Appleâ€™s strategy of creating a loyal customer base and constantly upgrading technology made it one of the most valuable companies in the world.

Strategy Insight: Investing early in innovative companies with strong growth potential can yield massive returns over the long term. Look for businesses that focus on technological advancements and brand loyalty.

Citation: Apple Investor Relations",0.1947916666666667,positive,linkedin,2025-04-10
AAPL,"ğŸ”´ According to The Information, Apple $AAPL's streaming service, Apple $AAPL TV+, is facing annual losses exceeding $1 billion.",0.0,neutral,linkedin,2025-04-10
AAPL,"I'm excited to share my latest Power BI project â€” a Stock Performance Dashboard focused on Apple Inc. (AAPL). This dashboard provides a comprehensive view of stock trends over Q1 2023 and into early Q2, offering both high-level KPIs and deep analytical visuals. It captures essential stock performance metrics like average open ($215.25), close ($215.38), high ($217.92), and low ($212.70) prices, along with an average trading volume of 32.08M. Using interactive visualizations, it tracks AAPLâ€™s price trend, trading volume behavior, and price correlations, helping investors and analysts make more informed decisions.
ğŸ“Š Key Insights from the Dashboard:
ğŸ“ˆ Closing Price Trend: AAPL dipped to 802 in March but rebounded strongly, closing above 900 by May â€” signaling market recovery and investor confidence.
ğŸ“… Daily Volume Bars: Spikes in early February suggest major trading activity, possibly influenced by market events or earnings reports.
ğŸ“‰ Open vs Close Price (Scatter Plot): Reveals a strong positive correlation â€” most open prices closely align with their corresponding closes, showing price stability.
ğŸ© Volume by Month (Donut Chart): March 2023 accounted for the highest trading volume (39.6%), followed by Feb and April at ~26% each.
ğŸ“Š KPI Cards: Quick-glance metrics help stakeholders track performance trends without diving deep into raw data.
Built with Power BI, DAX, and time intelligence functions, this dashboard showcases how data visualization can simplify complex financial insights. Always happy to connect with fellow data enthusiasts or professionals in finance and analytics!",0.12716679154179153,positive,linkedin,2025-04-10
AAPL,"Apple Inc. (AAPL) Stock Update

As of March 24, 2025, Apple Inc. (AAPL) is trading at $219.65, reflecting a 0.63% increase from the previous close. The dayâ€™s range has seen a high of $221.20 and a low of $218.69.

Recent Developments:
â€¢AI Integration: Analysts view Apple as a â€œlower-riskâ€ investment in the artificial intelligence sector, citing the companyâ€™s strong chip design capabilities and potential future benefits from AI monetization.
â€¢U.S. Investment: Apple announced plans to invest over $500 billion in the U.S. over the next four years, focusing on artificial intelligence, silicon engineering, and skills development across various states, including Arizona.
â€¢China Relations: Despite global economic tensions, Apple launched a clean energy fund in China to boost renewable capacity, signaling its commitment to sustainable initiatives in the region.

Investors should monitor these developments, as they may influence Appleâ€™s market performance in the coming months.

- Adrian Pearson Jr",-0.01476190476190477,negative,linkedin,2025-04-10
AAPL,Always great to catch up with Nicole. Do you think Apple has missed the AI wave?,0.8,positive,linkedin,2025-04-10
AAPL,"CFRA's Angelo Zino urges investors not to count Apple Intelligence out. He says international demand for Apple's (AAPL) A.I. service remains top of mind with plenty of room for improvement in the iPhone 17 cycle. David Nicholsonbelieves investors are ""missing the boat"" by not having Apple in their portfolios. It's reach into everything, including financial services, is why Dave labels it a long-term hold.",0.075,positive,linkedin,2025-04-10
AAPL,"AAPL ""Core, Safe Bet"" in A.I., Apple Intelligence's Room to Run",0.5,positive,linkedin,2025-04-10
AAPL,"AAPL is COOKED eh !!!
Will it respect TARGET FIB Zone??? 
Let us wait and watch. We are close eh

TSLA did exceed and still struggling under Target Zone due DOGE DOG behaviour. Shameful to ruin lives .. soo damn sad.
Last post here :

ğŸ“Œ DISCLAIMER
This is for educational purposes only. Always use stop-losses when trading and fully understand the risks involved. Only trade with capital you can afford to lose, and ensure that your financial obligations and personal well-being are not at risk.
--------
ğŸ“Œ DISCLAIMER
The content provided in this post, including analysis, ALGOMETATRENDS Signals (and associated colors), MetaMarker values, and Tradeable BIGfootprints, is subject to change at any time without prior notice. These elements are dynamic and based on real-time price action. This information is intended for educational purposes only. Past performance is not indicative of future results.
This is not to be considered as investment advice, financial advice, or a trading signal. We strongly encourage you to make your own investment decisions. Please be aware that trading in Futures, Options, and other financial instruments carries significant risk of loss and may not be suitable for all investors. Never risk capital that you cannot afford to lose.
While ALGOMETATRENDS and BIGfootprints may be beneficial in many instances, no trading system or signal can guarantee success, and there is no â€œholy grailâ€ in trading.
Conflict of Interest: We may hold or intend to acquire positions in the assets mentioned, which could present a potential conflict of interest.",0.08720238095238095,positive,linkedin,2025-04-10
AAPL,"Is it time for some fundamentals anyone ? 
--
Mr. Market is on the loose recently, and whenever Mr. Market behaves this way, it is a good idea to look at fundamentals.
--
Stock Price change since February 19th -
AAPL: â†“13%
MSFT: â†“ 7.5%
NVDA: â†“17%
AMZN: â†“14.9%
GOOGL: â†“13.3%
META: â†“ 17.25%
BROADCOM: â†“ 17.5%
ELI LILLY: â†“5%
TSLA: â†“ 37.5%
--
Is it becoming a hunting season or is it doomsday?
We think that the following graphs from, showing Net Income growth over the last 3 years for these companies, should help you decide for yourself ğŸ³
--",0.15329670329670328,positive,linkedin,2025-04-10
AAPL,"ğŸ’° Appleâ€™s $600B Stock Buyback Strategy: A Game-Changer in Finance! ğŸš€ğŸ“ˆ
Apple has spent over $600 billion on stock repurchases since 2012, making it the largest buyback program in history! This strategic financial move boosted Appleâ€™s stock, increased investor confidence, and set new corporate finance trends.

ğŸ“Š Key Financial Numbers (2024):
âœ… Total Buybacks Since 2012: $600+ billion
âœ… New Buyback (May 2024): $110 billion (largest ever in the U.S.)
âœ… Q2 2024 Revenue: $90.75 billion
âœ… Q2 2024 Net Income: $23.64 billion
âœ… Stock Surge After Buyback Announcement: +7% ğŸ“ˆ
âœ… Market Cap Growth:

2018: First company to hit $1 trillion
2024: Valuation at $2.86 trillion
ğŸ”¥ Why This Strategy Works:
ğŸ”¹ Fewer Outstanding Shares = Higher Earnings Per Share (EPS)
ğŸ”¹ Stronger Market Signal = More Investor Confidence
ğŸ”¹ Tax Efficiency = Better Alternative to Dividends
ğŸ”¹ Debt Financing = Smart Capital Optimization

Appleâ€™s buyback program reshaped corporate finance, inspiring companies like Microsoft, Alphabet, and Meta to follow suit!

ğŸ’­ Do you think stock buybacks are the best way to return value to investors, or should companies focus more on innovation? Letâ€™s discuss! ğŸ‘‡",0.24273752563226247,positive,linkedin,2025-04-10
AAPL,"Attention SDRs eager to play a key role in driving growth for an organization thatâ€™s making a meaningful impact in healthcare.

We're
an SDR for the AAPL Enterprise Solutions team!

AAPL has been the industry leader in physician leadership, management, & business education for 50 years.

Apply below!",0.390625,positive,linkedin,2025-04-10
AAPL,"I'm thrilled to share my latest project in algorithmic tradingâ€”a Python-based system that scans US stocks for opportunities using a classic technical analysis method: the SMA crossover strategy (50-day vs. 100-day SMAs). This project not only automates trade signal generation but also incorporates robust risk management with a 1:2 risk-reward exit strategy, culminating in a user-friendly Tkinter dashboard to review the backtested portfolio.
Project Overview
Objective:
To create a trading algorithm that identifies entry signals when the short-term 50-day SMA crosses above the long-term 100-day SMA. The system then simulates trades by setting a stop-loss based on recent lows and a target price at a 1:2 risk-reward ratio.

Technical Stack

Python: The core programming language used throughout the project.

yfinance: For fetching historical stock data from Yahoo Finance. A key challenge was handling the multi-index columns returned by yfinance; the solution was to flatten these columns for seamless data manipulation.

Pandas & Numpy: These libraries powered the data manipulation, SMA calculations, and overall backtesting logic.

Tkinter: Used to build a simple yet effective GUI that displays the portfolio performance after backtesting, making the results easily accessible at a glance.


How It Works
Data Retrieval & Preprocessing:
The system fetches one year of daily stock data for a list of US tickers. By flattening multi-index columns (e.g., converting ('Close', 'AAPL') to Close), I ensured smooth downstream processing.

SMA Calculation & Signal Generation:
The algorithm calculates the 50-day and 100-day SMAs.
A buy signal is generated when the 50-day SMA crosses above the 100-day SMA.

Risk Management & Trade Simulation:
Stop-Loss: Determined by finding the lowest low over the 10 days preceding the entry signal.

Target Price: Set at twice the risk (1:2 risk-reward), meaning if the risk is defined as the difference between the entry price and stop-loss, the target is the entry plus twice that amount.
The system simulates trades on a day-by-day basis, logging whether the stop-loss or target is hit.

User Interface:
Post-backtesting, a Tkinter-based GUI displays the portfolio summary. This dashboard provides a clear, tabular view of trade details such as entry/exit dates, entry price, stop-loss, target price, and outcome, making it easy to evaluate performance.

Check it out here:",0.1423913043478261,positive,linkedin,2025-04-10
AAPL,"I'm excited to share project that dives into stock price prediction by leveraging both time series analysis and machine learning techniques. For this project, I focused on AAPL, the stock ticker for Apple Inc, one of the most dynamic and innovative companies in the tech sector. Working with Apple's stock data provided a unique opportunity to analyze real-world market behavior using robust statistical models.

The project involved a careful division of the data to ensure a realistic evaluation of the models' predictive power. I used historical data to train the models and reserved the most recent two months as a test set to evaluate performance. This approach allowed me to build and compare a range of forecasting models, including a traditional ARIMA model and several machine learning models such as Linear Regression, Decision Tree, Random Forest, and Gradient Boosting.

Note: There is a major issue with this approach in practical environment, let me know if you noticed. find more details here:",0.14869791666666665,positive,linkedin,2025-04-10
AAPL,"Look no further than Apple for the damage to valuations for $tech stocks$.
Over the past five days, Apple $AAPL has declined $750 B in market capitalization. On April 2, 2025, the company's market cap was approximately $3.36 T. Lack of clarity on tariffs is a nightmare for Tim Cook.

The coming weeks will see more earnings reset lower forand others given the current trajectory of escalating tit for tat tariffs with China.

It really does not makes sense for Tim Cook to be manufacturing iphones in the US. unless Tim can fully implement robotics.

I like BUG for diversification play on cybersecurity and less exposure to hardware.",-0.016666666666666666,negative,linkedin,2025-04-10
